,County,Year Reported,Unemployment Rate
0,ALBANY,2010,7.108
1,ALBANY,2011,6.975
2,ALBANY,2012,7.2
3,ALBANY,2013,6.225
4,ALBANY,2014,4.917
5,ALBANY,2015,4.375
6,ALBANY,2016,4.142
7,ALBANY,2017,4.2
8,ALBANY,2018,3.7
9,ALBANY,2019,3.492
10,ALBANY,2020,6.917
11,ALBANY,2021,4.392
12,ALBANY,2022,3.4
13,ALLEGANY,2010,9.333
14,ALLEGANY,2011,9.0
15,ALLEGANY,2012,8.55
16,ALLEGANY,2013,7.683
17,ALLEGANY,2014,6.258
18,ALLEGANY,2015,6.533
19,ALLEGANY,2016,6.433
20,ALLEGANY,2017,6.567
21,ALLEGANY,2018,5.542
22,ALLEGANY,2019,5.283
23,ALLEGANY,2020,7.775
24,ALLEGANY,2021,4.958
25,ALLEGANY,2022,4.7
26,BROOME,2010,8.875
27,BROOME,2011,8.642
28,BROOME,2012,8.808
29,BROOME,2013,7.967
30,BROOME,2014,6.7
31,BROOME,2015,6.008
32,BROOME,2016,5.517
33,BROOME,2017,5.525
34,BROOME,2018,4.85
35,BROOME,2019,4.55
36,BROOME,2020,8.333
37,BROOME,2021,5.225
38,BROOME,2022,4.55
39,CATTARAUGUS,2010,9.7
40,CATTARAUGUS,2011,9.417
41,CATTARAUGUS,2012,9.467
42,CATTARAUGUS,2013,8.733
43,CATTARAUGUS,2014,7.05
44,CATTARAUGUS,2015,6.325
45,CATTARAUGUS,2016,6.067
46,CATTARAUGUS,2017,6.158
47,CATTARAUGUS,2018,5.3
48,CATTARAUGUS,2019,4.85
49,CATTARAUGUS,2020,9.158
50,CATTARAUGUS,2021,5.275
51,CATTARAUGUS,2022,4.8
52,CAYUGA,2010,8.7
53,CAYUGA,2011,8.167
54,CAYUGA,2012,8.383
55,CAYUGA,2013,7.55
56,CAYUGA,2014,6.042
57,CAYUGA,2015,5.392
58,CAYUGA,2016,5.133
59,CAYUGA,2017,4.975
60,CAYUGA,2018,4.433
61,CAYUGA,2019,4.1
62,CAYUGA,2020,7.617
63,CAYUGA,2021,4.717
64,CAYUGA,2022,4.15
65,CHAUTAUQUA,2010,9.033
66,CHAUTAUQUA,2011,8.25
67,CHAUTAUQUA,2012,8.65
68,CHAUTAUQUA,2013,8.225
69,CHAUTAUQUA,2014,6.867
70,CHAUTAUQUA,2015,6.067
71,CHAUTAUQUA,2016,5.892
72,CHAUTAUQUA,2017,5.975
73,CHAUTAUQUA,2018,5.008
74,CHAUTAUQUA,2019,4.525
75,CHAUTAUQUA,2020,8.558
76,CHAUTAUQUA,2021,5.55
77,CHAUTAUQUA,2022,4.8
78,CHEMUNG,2010,8.55
79,CHEMUNG,2011,7.9
80,CHEMUNG,2012,8.533
81,CHEMUNG,2013,8.108
82,CHEMUNG,2014,6.317
83,CHEMUNG,2015,5.925
84,CHEMUNG,2016,5.817
85,CHEMUNG,2017,5.483
86,CHEMUNG,2018,4.6
87,CHEMUNG,2019,4.008
88,CHEMUNG,2020,8.408
89,CHEMUNG,2021,5.233
90,CHEMUNG,2022,4.3
91,CHENANGO,2010,9.383
92,CHENANGO,2011,8.75
93,CHENANGO,2012,8.758
94,CHENANGO,2013,7.508
95,CHENANGO,2014,6.258
96,CHENANGO,2015,5.508
97,CHENANGO,2016,5.133
98,CHENANGO,2017,5.317
99,CHENANGO,2018,4.617
100,CHENANGO,2019,4.275
101,CHENANGO,2020,6.642
102,CHENANGO,2021,4.392
103,CHENANGO,2022,4.05
104,CLINTON,2010,9.992
105,CLINTON,2011,9.658
106,CLINTON,2012,9.55
107,CLINTON,2013,8.517
108,CLINTON,2014,6.658
109,CLINTON,2015,5.867
110,CLINTON,2016,5.45
111,CLINTON,2017,5.25
112,CLINTON,2018,4.342
113,CLINTON,2019,4.192
114,CLINTON,2020,7.683
115,CLINTON,2021,4.617
116,CLINTON,2022,3.85
117,COLUMBIA,2010,7.458
118,COLUMBIA,2011,7.183
119,COLUMBIA,2012,7.15
120,COLUMBIA,2013,6.158
121,COLUMBIA,2014,4.75
122,COLUMBIA,2015,4.017
123,COLUMBIA,2016,3.75
124,COLUMBIA,2017,3.775
125,COLUMBIA,2018,3.317
126,COLUMBIA,2019,3.067
127,COLUMBIA,2020,5.967
128,COLUMBIA,2021,3.808
129,COLUMBIA,2022,3.25
130,CORTLAND,2010,9.05
131,CORTLAND,2011,8.492
132,CORTLAND,2012,8.733
133,CORTLAND,2013,7.942
134,CORTLAND,2014,6.558
135,CORTLAND,2015,5.933
136,CORTLAND,2016,5.8
137,CORTLAND,2017,5.742
138,CORTLAND,2018,5.05
139,CORTLAND,2019,4.692
140,CORTLAND,2020,7.692
141,CORTLAND,2021,5.058
142,CORTLAND,2022,4.7
143,DELAWARE,2010,8.925
144,DELAWARE,2011,8.733
145,DELAWARE,2012,8.867
146,DELAWARE,2013,8.067
147,DELAWARE,2014,6.633
148,DELAWARE,2015,6.05
149,DELAWARE,2016,5.592
150,DELAWARE,2017,5.483
151,DELAWARE,2018,4.825
152,DELAWARE,2019,4.525
153,DELAWARE,2020,6.975
154,DELAWARE,2021,4.625
155,DELAWARE,2022,4.2
156,DUTCHESS,2010,7.858
157,DUTCHESS,2011,7.567
158,DUTCHESS,2012,7.9
159,DUTCHESS,2013,6.85
160,DUTCHESS,2014,5.358
161,DUTCHESS,2015,4.533
162,DUTCHESS,2016,4.233
163,DUTCHESS,2017,4.242
164,DUTCHESS,2018,3.667
165,DUTCHESS,2019,3.467
166,DUTCHESS,2020,7.358
167,DUTCHESS,2021,4.442
168,DUTCHESS,2022,3.6
169,ERIE,2010,8.45
170,ERIE,2011,8.05
171,ERIE,2012,8.425
172,ERIE,2013,7.6
173,ERIE,2014,6.142
174,ERIE,2015,5.392
175,ERIE,2016,5.008
176,ERIE,2017,5.142
177,ERIE,2018,4.4
178,ERIE,2019,4.083
179,ERIE,2020,9.158
180,ERIE,2021,5.458
181,ERIE,2022,4.45
182,ESSEX,2010,9.342
183,ESSEX,2011,9.175
184,ESSEX,2012,9.717
185,ESSEX,2013,8.483
186,ESSEX,2014,6.942
187,ESSEX,2015,6.083
188,ESSEX,2016,5.442
189,ESSEX,2017,5.458
190,ESSEX,2018,4.808
191,ESSEX,2019,4.517
192,ESSEX,2020,7.933
193,ESSEX,2021,4.717
194,ESSEX,2022,4.6
195,FRANKLIN,2010,9.117
196,FRANKLIN,2011,9.167
197,FRANKLIN,2012,9.7
198,FRANKLIN,2013,9.042
199,FRANKLIN,2014,7.308
200,FRANKLIN,2015,6.558
201,FRANKLIN,2016,5.767
202,FRANKLIN,2017,6.008
203,FRANKLIN,2018,5.108
204,FRANKLIN,2019,4.742
205,FRANKLIN,2020,7.967
206,FRANKLIN,2021,4.708
207,FRANKLIN,2022,4.15
208,FULTON,2010,10.833
209,FULTON,2011,10.667
210,FULTON,2012,11.183
211,FULTON,2013,9.692
212,FULTON,2014,7.708
213,FULTON,2015,6.475
214,FULTON,2016,5.808
215,FULTON,2017,5.725
216,FULTON,2018,5.075
217,FULTON,2019,4.842
218,FULTON,2020,8.267
219,FULTON,2021,5.5
220,FULTON,2022,5.0
221,GENESEE,2010,8.192
222,GENESEE,2011,7.867
223,GENESEE,2012,8.033
224,GENESEE,2013,7.033
225,GENESEE,2014,5.608
226,GENESEE,2015,4.992
227,GENESEE,2016,4.667
228,GENESEE,2017,4.758
229,GENESEE,2018,4.158
230,GENESEE,2019,3.775
231,GENESEE,2020,7.1
232,GENESEE,2021,4.242
233,GENESEE,2022,3.95
234,GREENE,2010,9.258
235,GREENE,2011,9.492
236,GREENE,2012,10.083
237,GREENE,2013,8.975
238,GREENE,2014,6.8
239,GREENE,2015,5.667
240,GREENE,2016,5.133
241,GREENE,2017,5.167
242,GREENE,2018,4.542
243,GREENE,2019,4.308
244,GREENE,2020,7.983
245,GREENE,2021,4.917
246,GREENE,2022,4.15
247,HAMILTON,2010,10.217
248,HAMILTON,2011,10.192
249,HAMILTON,2012,11.083
250,HAMILTON,2013,10.025
251,HAMILTON,2014,7.65
252,HAMILTON,2015,6.967
253,HAMILTON,2016,6.733
254,HAMILTON,2017,7.55
255,HAMILTON,2018,6.975
256,HAMILTON,2019,5.833
257,HAMILTON,2020,7.808
258,HAMILTON,2021,4.525
259,HAMILTON,2022,5.3
260,HERKIMER,2010,8.767
261,HERKIMER,2011,8.775
262,HERKIMER,2012,8.883
263,HERKIMER,2013,8.033
264,HERKIMER,2014,6.825
265,HERKIMER,2015,6.275
266,HERKIMER,2016,5.55
267,HERKIMER,2017,5.65
268,HERKIMER,2018,4.883
269,HERKIMER,2019,4.717
270,HERKIMER,2020,7.9
271,HERKIMER,2021,5.8
272,HERKIMER,2022,5.15
273,JEFFERSON,2010,9.433
274,JEFFERSON,2011,9.825
275,JEFFERSON,2012,10.008
276,JEFFERSON,2013,9.475
277,JEFFERSON,2014,7.675
278,JEFFERSON,2015,6.642
279,JEFFERSON,2016,6.358
280,JEFFERSON,2017,6.475
281,JEFFERSON,2018,5.55
282,JEFFERSON,2019,5.342
283,JEFFERSON,2020,8.4
284,JEFFERSON,2021,5.042
285,JEFFERSON,2022,4.9
286,LEWIS,2010,9.333
287,LEWIS,2011,9.717
288,LEWIS,2012,10.117
289,LEWIS,2013,9.692
290,LEWIS,2014,7.9
291,LEWIS,2015,6.975
292,LEWIS,2016,6.825
293,LEWIS,2017,6.567
294,LEWIS,2018,5.483
295,LEWIS,2019,5.3
296,LEWIS,2020,7.483
297,LEWIS,2021,5.017
298,LEWIS,2022,5.25
299,LIVINGSTON,2010,8.258
300,LIVINGSTON,2011,7.675
301,LIVINGSTON,2012,7.942
302,LIVINGSTON,2013,7.2
303,LIVINGSTON,2014,5.833
304,LIVINGSTON,2015,5.3
305,LIVINGSTON,2016,5.017
306,LIVINGSTON,2017,5.0
307,LIVINGSTON,2018,4.283
308,LIVINGSTON,2019,4.075
309,LIVINGSTON,2020,6.867
310,LIVINGSTON,2021,4.333
311,LIVINGSTON,2022,3.9
312,MADISON,2010,8.433
313,MADISON,2011,8.225
314,MADISON,2012,8.617
315,MADISON,2013,7.783
316,MADISON,2014,6.458
317,MADISON,2015,5.725
318,MADISON,2016,5.35
319,MADISON,2017,5.467
320,MADISON,2018,4.75
321,MADISON,2019,4.308
322,MADISON,2020,7.567
323,MADISON,2021,4.517
324,MADISON,2022,4.1
325,MONROE,2010,8.192
326,MONROE,2011,7.742
327,MONROE,2012,8.008
328,MONROE,2013,7.15
329,MONROE,2014,5.842
330,MONROE,2015,5.1
331,MONROE,2016,4.775
332,MONROE,2017,4.917
333,MONROE,2018,4.233
334,MONROE,2019,3.992
335,MONROE,2020,8.175
336,MONROE,2021,5.158
337,MONROE,2022,4.05
338,MONTGOMERY,2010,10.292
339,MONTGOMERY,2011,10.308
340,MONTGOMERY,2012,10.55
341,MONTGOMERY,2013,9.417
342,MONTGOMERY,2014,7.525
343,MONTGOMERY,2015,6.617
344,MONTGOMERY,2016,5.817
345,MONTGOMERY,2017,5.683
346,MONTGOMERY,2018,5.133
347,MONTGOMERY,2019,4.883
348,MONTGOMERY,2020,8.442
349,MONTGOMERY,2021,5.658
350,MONTGOMERY,2022,5.1
351,NASSAU,2010,7.283
352,NASSAU,2011,6.892
353,NASSAU,2012,7.142
354,NASSAU,2013,6.067
355,NASSAU,2014,4.817
356,NASSAU,2015,4.258
357,NASSAU,2016,3.992
358,NASSAU,2017,4.058
359,NASSAU,2018,3.5
360,NASSAU,2019,3.275
361,NASSAU,2020,8.075
362,NASSAU,2021,4.467
363,NASSAU,2022,3.4
364,NIAGARA,2010,9.808
365,NIAGARA,2011,9.217
366,NIAGARA,2012,9.458
367,NIAGARA,2013,8.683
368,NIAGARA,2014,7.067
369,NIAGARA,2015,6.208
370,NIAGARA,2016,5.908
371,NIAGARA,2017,6.142
372,NIAGARA,2018,5.2
373,NIAGARA,2019,4.767
374,NIAGARA,2020,10.017
375,NIAGARA,2021,5.667
376,NIAGARA,2022,4.95
377,ONEIDA,2010,7.792
378,ONEIDA,2011,8.05
379,ONEIDA,2012,8.358
380,ONEIDA,2013,7.617
381,ONEIDA,2014,6.142
382,ONEIDA,2015,5.375
383,ONEIDA,2016,4.95
384,ONEIDA,2017,4.983
385,ONEIDA,2018,4.417
386,ONEIDA,2019,4.108
387,ONEIDA,2020,7.792
388,ONEIDA,2021,5.042
389,ONEIDA,2022,4.15
390,ONONDAGA,2010,8.183
391,ONONDAGA,2011,7.767
392,ONONDAGA,2012,7.983
393,ONONDAGA,2013,7.008
394,ONONDAGA,2014,5.6
395,ONONDAGA,2015,4.958
396,ONONDAGA,2016,4.583
397,ONONDAGA,2017,4.65
398,ONONDAGA,2018,3.983
399,ONONDAGA,2019,3.792
400,ONONDAGA,2020,8.017
401,ONONDAGA,2021,4.892
402,ONONDAGA,2022,3.9
403,ONTARIO,2010,7.592
404,ONTARIO,2011,7.142
405,ONTARIO,2012,7.367
406,ONTARIO,2013,6.442
407,ONTARIO,2014,5.275
408,ONTARIO,2015,4.758
409,ONTARIO,2016,4.383
410,ONTARIO,2017,4.45
411,ONTARIO,2018,3.9
412,ONTARIO,2019,3.733
413,ONTARIO,2020,6.958
414,ONTARIO,2021,4.267
415,ONTARIO,2022,3.65
416,ORANGE,2010,8.125
417,ORANGE,2011,7.767
418,ORANGE,2012,8.033
419,ORANGE,2013,7.008
420,ORANGE,2014,5.542
421,ORANGE,2015,4.692
422,ORANGE,2016,4.4
423,ORANGE,2017,4.508
424,ORANGE,2018,3.867
425,ORANGE,2019,3.642
426,ORANGE,2020,8.008
427,ORANGE,2021,4.717
428,ORANGE,2022,3.75
429,ORLEANS,2010,9.775
430,ORLEANS,2011,9.292
431,ORLEANS,2012,9.817
432,ORLEANS,2013,9.325
433,ORLEANS,2014,7.725
434,ORLEANS,2015,6.417
435,ORLEANS,2016,5.8
436,ORLEANS,2017,5.85
437,ORLEANS,2018,4.925
438,ORLEANS,2019,4.533
439,ORLEANS,2020,8.075
440,ORLEANS,2021,5.15
441,ORLEANS,2022,4.5
442,OSWEGO,2010,10.858
443,OSWEGO,2011,10.842
444,OSWEGO,2012,11.133
445,OSWEGO,2013,10.1
446,OSWEGO,2014,8.125
447,OSWEGO,2015,7.225
448,OSWEGO,2016,6.575
449,OSWEGO,2017,6.433
450,OSWEGO,2018,5.425
451,OSWEGO,2019,5.233
452,OSWEGO,2020,8.625
453,OSWEGO,2021,5.508
454,OSWEGO,2022,4.95
455,OTSEGO,2010,7.725
456,OTSEGO,2011,7.808
457,OTSEGO,2012,7.983
458,OTSEGO,2013,6.983
459,OTSEGO,2014,5.758
460,OTSEGO,2015,5.425
461,OTSEGO,2016,4.992
462,OTSEGO,2017,4.992
463,OTSEGO,2018,4.317
464,OTSEGO,2019,4.083
465,OTSEGO,2020,6.942
466,OTSEGO,2021,4.45
467,OTSEGO,2022,4.2
468,PUTNAM,2010,7.342
469,PUTNAM,2011,7.092
470,PUTNAM,2012,7.292
471,PUTNAM,2013,6.242
472,PUTNAM,2014,4.967
473,PUTNAM,2015,4.292
474,PUTNAM,2016,4.05
475,PUTNAM,2017,4.175
476,PUTNAM,2018,3.675
477,PUTNAM,2019,3.542
478,PUTNAM,2020,7.225
479,PUTNAM,2021,4.167
480,PUTNAM,2022,3.4
481,RENSSELAER,2010,7.917
482,RENSSELAER,2011,7.642
483,RENSSELAER,2012,7.85
484,RENSSELAER,2013,6.842
485,RENSSELAER,2014,5.4
486,RENSSELAER,2015,4.692
487,RENSSELAER,2016,4.342
488,RENSSELAER,2017,4.417
489,RENSSELAER,2018,3.883
490,RENSSELAER,2019,3.617
491,RENSSELAER,2020,6.708
492,RENSSELAER,2021,4.375
493,RENSSELAER,2022,3.65
494,ROCKLAND,2010,7.617
495,ROCKLAND,2011,7.208
496,ROCKLAND,2012,7.433
497,ROCKLAND,2013,6.442
498,ROCKLAND,2014,5.192
499,ROCKLAND,2015,4.558
500,ROCKLAND,2016,4.242
501,ROCKLAND,2017,4.317
502,ROCKLAND,2018,3.7
503,ROCKLAND,2019,3.417
504,ROCKLAND,2020,7.742
505,ROCKLAND,2021,4.392
506,ROCKLAND,2022,3.35
507,SARATOGA,2010,7.025
508,SARATOGA,2011,6.692
509,SARATOGA,2012,6.917
510,SARATOGA,2013,5.967
511,SARATOGA,2014,4.683
512,SARATOGA,2015,4.158
513,SARATOGA,2016,3.883
514,SARATOGA,2017,3.942
515,SARATOGA,2018,3.508
516,SARATOGA,2019,3.242
517,SARATOGA,2020,6.417
518,SARATOGA,2021,3.783
519,SARATOGA,2022,3.1
520,SCHENECTADY,2010,7.8
521,SCHENECTADY,2011,7.558
522,SCHENECTADY,2012,7.775
523,SCHENECTADY,2013,6.875
524,SCHENECTADY,2014,5.408
525,SCHENECTADY,2015,4.75
526,SCHENECTADY,2016,4.4
527,SCHENECTADY,2017,4.458
528,SCHENECTADY,2018,3.983
529,SCHENECTADY,2019,3.675
530,SCHENECTADY,2020,7.683
531,SCHENECTADY,2021,4.933
532,SCHENECTADY,2022,3.9
533,SCHOHARIE,2010,9.083
534,SCHOHARIE,2011,9.033
535,SCHOHARIE,2012,9.308
536,SCHOHARIE,2013,8.333
537,SCHOHARIE,2014,6.758
538,SCHOHARIE,2015,5.842
539,SCHOHARIE,2016,5.508
540,SCHOHARIE,2017,5.442
541,SCHOHARIE,2018,4.783
542,SCHOHARIE,2019,4.475
543,SCHOHARIE,2020,6.858
544,SCHOHARIE,2021,4.55
545,SCHOHARIE,2022,4.4
546,SCHUYLER,2010,9.308
547,SCHUYLER,2011,8.9
548,SCHUYLER,2012,9.525
549,SCHUYLER,2013,9.025
550,SCHUYLER,2014,7.075
551,SCHUYLER,2015,6.675
552,SCHUYLER,2016,6.142
553,SCHUYLER,2017,5.775
554,SCHUYLER,2018,5.1
555,SCHUYLER,2019,4.467
556,SCHUYLER,2020,8.333
557,SCHUYLER,2021,4.958
558,SCHUYLER,2022,5.0
559,SENECA,2010,8.383
560,SENECA,2011,7.983
561,SENECA,2012,8.083
562,SENECA,2013,7.117
563,SENECA,2014,5.692
564,SENECA,2015,5.2
565,SENECA,2016,4.833
566,SENECA,2017,4.525
567,SENECA,2018,3.85
568,SENECA,2019,3.683
569,SENECA,2020,7.817
570,SENECA,2021,4.717
571,SENECA,2022,4.0
572,ST. LAWRENCE,2010,10.508
573,ST. LAWRENCE,2011,10.45
574,ST. LAWRENCE,2012,10.358
575,ST. LAWRENCE,2013,9.367
576,ST. LAWRENCE,2014,7.808
577,ST. LAWRENCE,2015,7.35
578,ST. LAWRENCE,2016,6.708
579,ST. LAWRENCE,2017,6.625
580,ST. LAWRENCE,2018,5.567
581,ST. LAWRENCE,2019,5.35
582,ST. LAWRENCE,2020,7.875
583,ST. LAWRENCE,2021,5.1
584,ST. LAWRENCE,2022,4.65
585,STEUBEN,2010,9.767
586,STEUBEN,2011,9.183
587,STEUBEN,2012,9.467
588,STEUBEN,2013,8.658
589,STEUBEN,2014,6.95
590,STEUBEN,2015,6.358
591,STEUBEN,2016,5.933
592,STEUBEN,2017,5.7
593,STEUBEN,2018,4.908
594,STEUBEN,2019,4.4
595,STEUBEN,2020,7.85
596,STEUBEN,2021,4.95
597,STEUBEN,2022,4.55
598,SUFFOLK,2010,7.925
599,SUFFOLK,2011,7.658
600,SUFFOLK,2012,7.883
601,SUFFOLK,2013,6.758
602,SUFFOLK,2014,5.425
603,SUFFOLK,2015,4.758
604,SUFFOLK,2016,4.417
605,SUFFOLK,2017,4.45
606,SUFFOLK,2018,3.817
607,SUFFOLK,2019,3.55
608,SUFFOLK,2020,8.142
609,SUFFOLK,2021,4.542
610,SUFFOLK,2022,3.75
611,SULLIVAN,2010,9.1
612,SULLIVAN,2011,8.942
613,SULLIVAN,2012,9.267
614,SULLIVAN,2013,8.358
615,SULLIVAN,2014,6.65
616,SULLIVAN,2015,5.467
617,SULLIVAN,2016,4.867
618,SULLIVAN,2017,4.892
619,SULLIVAN,2018,4.083
620,SULLIVAN,2019,3.783
621,SULLIVAN,2020,8.392
622,SULLIVAN,2021,4.908
623,SULLIVAN,2022,4.15
624,TIOGA,2010,8.133
625,TIOGA,2011,7.75
626,TIOGA,2012,8.0
627,TIOGA,2013,7.292
628,TIOGA,2014,6.15
629,TIOGA,2015,5.592
630,TIOGA,2016,5.217
631,TIOGA,2017,5.117
632,TIOGA,2018,4.342
633,TIOGA,2019,3.992
634,TIOGA,2020,7.517
635,TIOGA,2021,4.392
636,TIOGA,2022,4.0
637,TOMPKINS,2010,6.283
638,TOMPKINS,2011,6.108
639,TOMPKINS,2012,6.242
640,TOMPKINS,2013,5.35
641,TOMPKINS,2014,4.442
642,TOMPKINS,2015,4.433
643,TOMPKINS,2016,4.233
644,TOMPKINS,2017,4.325
645,TOMPKINS,2018,3.6
646,TOMPKINS,2019,3.508
647,TOMPKINS,2020,5.85
648,TOMPKINS,2021,3.708
649,TOMPKINS,2022,2.9
650,ULSTER,2010,7.958
651,ULSTER,2011,7.908
652,ULSTER,2012,8.408
653,ULSTER,2013,7.325
654,ULSTER,2014,5.758
655,ULSTER,2015,4.85
656,ULSTER,2016,4.492
657,ULSTER,2017,4.525
658,ULSTER,2018,3.9
659,ULSTER,2019,3.625
660,ULSTER,2020,7.717
661,ULSTER,2021,4.667
662,ULSTER,2022,3.8
663,WARREN,2010,9.208
664,WARREN,2011,9.025
665,WARREN,2012,9.325
666,WARREN,2013,8.408
667,WARREN,2014,6.658
668,WARREN,2015,5.592
669,WARREN,2016,5.358
670,WARREN,2017,5.258
671,WARREN,2018,4.65
672,WARREN,2019,4.425
673,WARREN,2020,8.15
674,WARREN,2021,4.9
675,WARREN,2022,4.45
676,WASHINGTON,2010,8.425
677,WASHINGTON,2011,8.183
678,WASHINGTON,2012,8.417
679,WASHINGTON,2013,7.667
680,WASHINGTON,2014,6.133
681,WASHINGTON,2015,5.067
682,WASHINGTON,2016,4.742
683,WASHINGTON,2017,4.625
684,WASHINGTON,2018,4.158
685,WASHINGTON,2019,3.917
686,WASHINGTON,2020,6.983
687,WASHINGTON,2021,4.592
688,WASHINGTON,2022,4.15
689,WAYNE,2010,8.983
690,WAYNE,2011,8.458
691,WAYNE,2012,8.7
692,WAYNE,2013,7.75
693,WAYNE,2014,6.225
694,WAYNE,2015,5.375
695,WAYNE,2016,5.058
696,WAYNE,2017,4.942
697,WAYNE,2018,4.125
698,WAYNE,2019,3.858
699,WAYNE,2020,7.142
700,WAYNE,2021,4.458
701,WAYNE,2022,3.8
702,WESTCHESTER,2010,7.517
703,WESTCHESTER,2011,7.142
704,WESTCHESTER,2012,7.367
705,WESTCHESTER,2013,6.425
706,WESTCHESTER,2014,5.192
707,WESTCHESTER,2015,4.567
708,WESTCHESTER,2016,4.358
709,WESTCHESTER,2017,4.483
710,WESTCHESTER,2018,3.867
711,WESTCHESTER,2019,3.608
712,WESTCHESTER,2020,8.05
713,WESTCHESTER,2021,4.808
714,WESTCHESTER,2022,3.7
715,WYOMING,2010,9.608
716,WYOMING,2011,8.792
717,WYOMING,2012,8.975
718,WYOMING,2013,8.133
719,WYOMING,2014,6.567
720,WYOMING,2015,5.7
721,WYOMING,2016,5.417
722,WYOMING,2017,5.558
723,WYOMING,2018,4.608
724,WYOMING,2019,4.2
725,WYOMING,2020,7.25
726,WYOMING,2021,4.475
727,WYOMING,2022,4.55
728,YATES,2010,7.55
729,YATES,2011,7.542
730,YATES,2012,7.908
731,YATES,2013,7.0
732,YATES,2014,5.7
733,YATES,2015,5.033
734,YATES,2016,4.492
735,YATES,2017,4.35
736,YATES,2018,3.742
737,YATES,2019,3.575
738,YATES,2020,6.308
739,YATES,2021,3.8
740,YATES,2022,3.45
