Year,County,DomesticViolence
2010,Albany,"2,437"
2010,Allegany,60
2010,Broome,"1,152"
2010,Cattaraugus,465
2010,Cayuga,681
2010,Chautauqua,"1,214"
2010,Chemung,312
2010,Chenango,145
2010,Clinton,194
2010,Columbia,191
2010,Cortland,398
2010,Delaware,150
2010,Dutchess,"1,180"
2010,Erie,"5,899"
2010,Essex,69
2010,Franklin,156
2010,Fulton,386
2010,Genesee,243
2010,Greene,157
2010,Hamilton,11
2010,Herkimer,195
2010,Jefferson,447
2010,Lewis,134
2010,Livingston,162
2010,Madison,213
2010,Monroe,"6,643"
2010,Montgomery,87
2010,Nassau,"2,143"
2010,Niagara,"1,380"
2010,Oneida,"1,704"
2010,Onondaga,"3,680"
2010,Ontario,291
2010,Orange,"1,451"
2010,Orleans,181
2010,Oswego,546
2010,Otsego,91
2010,Putnam,156
2010,Rensselaer,377
2010,Rockland,"1,010"
2010,St. Lawrence,386
2010,Saratoga,601
2010,Schenectady,"2,380"
2010,Schoharie,29
2010,Schuyler,58
2010,Seneca,110
2010,Steuben,370
2010,Suffolk,"7,592"
2010,Sullivan,306
2010,Tioga,125
2010,Tompkins,181
2010,Ulster,929
2010,Warren,263
2010,Washington,279
2010,Wayne,572
2010,Westchester,"2,632"
2010,Wyoming,56
2010,Yates,101
2011,Albany,"2,268"
2011,Allegany,43
2011,Broome,"1,178"
2011,Cattaraugus,424
2011,Cayuga,739
2011,Chautauqua,"1,193"
2011,Chemung,373
2011,Chenango,276
2011,Clinton,171
2011,Columbia,240
2011,Cortland,375
2011,Delaware,149
2011,Dutchess,"1,275"
2011,Erie,"5,431"
2011,Essex,81
2011,Franklin,141
2011,Fulton,695
2011,Genesee,302
2011,Greene,110
2011,Hamilton,7
2011,Herkimer,254
2011,Jefferson,520
2011,Lewis,133
2011,Livingston,181
2011,Madison,299
2011,Monroe,"6,232"
2011,Montgomery,137
2011,Nassau,"1,783"
2011,Niagara,"1,549"
2011,Oneida,"1,868"
2011,Onondaga,"3,887"
2011,Ontario,230
2011,Orange,"1,907"
2011,Orleans,168
2011,Oswego,614
2011,Otsego,94
2011,Putnam,153
2011,Rensselaer,403
2011,Rockland,"1,018"
2011,Saratoga,587
2011,Schenectady,"1,843"
2011,Schoharie,32
2011,Schuyler,48
2011,Seneca,143
2011,St. Lawrence,504
2011,Steuben,341
2011,Suffolk,"7,569"
2011,Sullivan,300
2011,Tioga,116
2011,Tompkins,132
2011,Ulster,779
2011,Warren,249
2011,Washington,307
2011,Wayne,500
2011,Westchester,"2,568"
2011,Wyoming,95
2011,Yates,120
2012,Albany,"2,252"
2012,Allegany,52
2012,Broome,980
2012,Cattaraugus,530
2012,Cayuga,758
2012,Chautauqua,980
2012,Chemung,247
2012,Chenango,330
2012,Clinton,168
2012,Columbia,210
2012,Cortland,428
2012,Delaware,157
2012,Dutchess,"1,401"
2012,Erie,"6,305"
2012,Essex,65
2012,Franklin,150
2012,Fulton,609
2012,Genesee,300
2012,Greene,102
2012,Hamilton,4
2012,Herkimer,285
2012,Jefferson,917
2012,Lewis,144
2012,Livingston,200
2012,Madison,329
2012,Monroe,"5,806"
2012,Montgomery,278
2012,Nassau,"2,276"
2012,Niagara,"1,722"
2012,Oneida,"1,855"
2012,Onondaga,"4,235"
2012,Ontario,248
2012,Orange,"2,022"
2012,Orleans,177
2012,Oswego,660
2012,Otsego,98
2012,Putnam,79
2012,Rensselaer,457
2012,Rockland,957
2012,St Lawrence,473
2012,Saratoga,697
2012,Schenectady,"1,960"
2012,Schoharie,29
2012,Schuyler,38
2012,Seneca,236
2012,Steuben,258
2012,Suffolk,"7,424"
2012,Sullivan,239
2012,Tioga,137
2012,Tompkins,146
2012,Ulster,827
2012,Warren,189
2012,Washington,303
2012,Wayne,508
2012,Westchester,"2,439"
2012,Wyoming,104
2012,Yates,68
2013,Albany,"2,067"
2013,Allegany,70
2013,Broome,863
2013,Cattaraugus,525
2013,Cayuga,527
2013,Chautauqua,889
2013,Chemung,185
2013,Chenango,235
2013,Clinton,211
2013,Columbia,187
2013,Cortland,353
2013,Delaware,159
2013,Dutchess,"1,097"
2013,Erie,"6,813"
2013,Essex,86
2013,Franklin,100
2013,Fulton,443
2013,Genesee,271
2013,Greene,69
2013,Hamilton,2
2013,Herkimer,221
2013,Jefferson,776
2013,Lewis,152
2013,Livingston,168
2013,Madison,292
2013,Monroe,"5,092"
2013,Montgomery,186
2013,Nassau,"2,446"
2013,Niagara,"1,673"
2013,Oneida,"1,730"
2013,Onondaga,"4,003"
2013,Ontario,259
2013,Orange,"1,997"
2013,Orleans,189
2013,Oswego,608
2013,Otsego,58
2013,Putnam,115
2013,Rensselaer,816
2013,Rockland,931
2013,St Lawrence,426
2013,Saratoga,754
2013,Schenectady,"1,450"
2013,Schoharie,21
2013,Schuyler,36
2013,Seneca,210
2013,Steuben,226
2013,Suffolk,"7,533"
2013,Sullivan,214
2013,Tioga,143
2013,Tompkins,127
2013,Ulster,731
2013,Warren,225
2013,Washington,319
2013,Wayne,592
2013,Westchester,"2,223"
2013,Wyoming,104
2013,Yates,55
2014,Albany,1930
2014,Allegany,67
2014,Broome,790
2014,Cattaraugus,407
2014,Cayuga,329
2014,Chautauqua,903
2014,Chemung,190
2014,Chenango,220
2014,Clinton,142
2014,Columbia,187
2014,Cortland,217
2014,Delaware,187
2014,Dutchess,943
2014,Erie,6141
2014,Essex,73
2014,Franklin,138
2014,Fulton,616
2014,Genesee,447
2014,Greene,71
2014,Hamilton,2
2014,Herkimer,208
2014,Jefferson,732
2014,Lewis,114
2014,Livingston,169
2014,Madison,269
2014,Monroe,4709
2014,Montgomery,197
2014,Nassau,2360
2014,Niagra,1710
2014,Oneida,1665
2014,Onondaga,3644
2014,Ontario,212
2014,Orange,1864
2014,Orleans,156
2014,Oswego,550
2014,Otsego,62
2014,Putnam,58
2014,Rensselaer,903
2014,Rockland,900
2014,St. Lawrence,379
2014,Saratoga,653
2014,Schenactady,1403
2014,Schoharie,35
2014,Schuyler,47
2014,Seneca,178
2014,Steuben,277
2014,Suffolk,7207
2014,Sullivan,159
2014,Tioga,147
2014,Tompkins,145
2014,Ulster,741
2014,Warren,242
2014,Washington,278
2014,Wayne,477
2014,Westchester,2323
2014,Wyoming,108
2014,Yates,92
2015,Albany,1560
2015,Allegany,68
2015,Broome,756
2015,Cattaraugus,359
2015,Cayuga,307
2015,Chautauqua,939
2015,Chemung,115
2015,Chenango,264
2015,Clinton,152
2015,Cortland,196
2015,Columbia,206
2015,Delaware,163
2015,Dutchess,980
2015,Erie,5768
2015,Essex,60
2015,Franklin,176
2015,Fulton,677
2015,Genesee,384
2015,Greene,61
2015,Hamilton,3
2015,Herkimer,219
2015,Jefferson,756
2015,Lewis,97
2015,Livingston,163
2015,Madison,329
2015,Monroe,4804
2015,Montgomery,206
2015,Nassau,2314
2015,Niagra,1707
2015,Oneida,1705
2015,Onondaga,3749
2015,Ontario,211
2015,Orange,1921
2015,Orleans,158
2015,Oswego,514
2015,Otsego,55
2015,Putnam,74
2015,Rensselaer,992
2015,Rockland,808
2015,St. Lawrence,439
2015,Saratoga,800
2015,Schenactady,1137
2015,Schoharie,42
2015,Schuyler,36
2015,Seneca,178
2015,Steuben,311
2015,Suffolk,7076
2015,Sullivan,155
2015,Tioga,156
2015,Tompkins,125
2015,Ulster,913
2015,Warren,233
2015,Washington,198
2015,Wayne,465
2015,Westchester,49
2015,Wyoming,91
2015,Yates,75
2016,Albany,1652
2016,Allegany,75
2016,Broome,918
2016,Cattaraugus,300
2016,Cayuga,243
2016,Chautaugua,874
2016,Chemung,193
2016,Chenango,184
2016,Clinton,164
2016,Columbia,133
2016,Cortland,307
2016,Delaware,158
2016,Dutchess,1057
2016,Erie,5184
2016,Essex,88
2016,Franklin,162
2016,Fulton,560
2016,Genesee,368
2016,Greene,80
2016,Hamilton,4
2016,Herkimer,249
2016,Jefferson,739
2016,Lewis,67
2016,Livingston,176
2016,Madison,347
2016,Monroe,4789
2016,Montgomery,273
2016,Nassau,2172
2016,Niagara,1609
2016,Oneida,1899
2016,Onondaga,3537
2016,Ontario,157
2016,Orange,2003
2016,Orleans,181
2016,Oswego,612
2016,Otsego,69
2016,Putnam,183
2016,Rensselaer,759
2016,Rockland,739
2016,St. Lawrence,528
2016,Saratoga,746
2016,Schenectady,1453
2016,Schoharie,31
2016,Schuyler,32
2016,Seneca,158
2016,Steuben,323
2016,Suffolk,6730
2016,Sullivan,200
2016,Tioga,165
2016,Tompkins,89
2016,Ulster,774
2016,Warren,269
2016,Washington,153
2016,Wayne,336
2016,Westchester,1911
2016,Wyoming,81
2016,Yates,78
2017,Albany,1841
2017,Allegany,54
2017,Broome,923
2017,Cattaraugus,322
2017,Cayuga,399
2017,Chautaugua,825
2017,Chemung,208
2017,Chenango,165
2017,Clinton,172
2017,Columbia,165
2017,Cortland,217
2017,Delaware,156
2017,Dutchess,679
2017,Erie,4984
2017,Essex,65
2017,Franklin,125
2017,Fulton,567
2017,Genesee,330
2017,Greene,66
2017,Hamilton,10
2017,Herkimer,239
2017,Jefferson,666
2017,Lewis,46
2017,Livingston,197
2017,Madison,303
2017,Monroe,4867
2017,Montgomery,282
2017,Nassau,1955
2017,Niagara,1449
2017,Oneida,1782
2017,Onondaga,4105
2017,Ontario,181
2017,Orange,2224
2017,Orleans,207
2017,Oswego,483
2017,Otsego,75
2017,Putnam,84
2017,Rensselaer,1089
2017,Rockland,743
2017,St. Lawrence,487
2017,Saratoga,759
2017,Schenectady,1420
2017,Schoharie,41
2017,Schuyler,12
2017,Seneca,126
2017,Steuben,342
2017,Suffolk,6248
2017,Sullivan,248
2017,Tioga,117
2017,Tompkins,99
2017,Ulster,758
2017,Warren,221
2017,Washington,149
2017,Wayne,428
2017,Westchester,1936
2017,Wyoming,87
2017,Yates,64
2018,Albany,1755
2018,Allegany,56
2018,Broome,892
2018,Cattaraugus,383
2018,Cayuga,730
2018,Chautaugua,873
2018,Chemung,204
2018,Chenango,244
2018,Clinton,141
2018,Columbia,171
2018,Cortland,226
2018,Delaware,131
2018,Dutchess,923
2018,Erie,5191
2018,Essex,67
2018,Franklin,114
2018,Fulton,572
2018,Genesee,342
2018,Greene,69
2018,Hamilton,3
2018,Herkimer,154
2018,Jefferson,695
2018,Lewis,50
2018,Livingston,161
2018,Madison,279
2018,Monroe,5553
2018,Montgomery,245
2018,Nassau,1827
2018,Niagara,1233
2018,Oneida,1725
2018,Onondaga,4870
2018,Ontario,258
2018,Orange,2131
2018,Orleans,182
2018,Oswego,544
2018,Otsego,67
2018,Putnam,52
2018,Rensselaer,1098
2018,Rockland,722
2018,St. Lawrence,325
2018,Saratoga,736
2018,Schenectady,416
2018,Schoharie,29
2018,Schuyler,29
2018,Seneca,120
2018,Steuben,265
2018,Suffolk,4782
2018,Sullivan,209
2018,Tioga,107
2018,Tompkins,249
2018,Ulster,632
2018,Warren,240
2018,Washington,151
2018,Wayne,390
2018,Westchester,1825
2018,Wyoming,73
2018,Yates,47
2019,Albany,1510
2019,Allegany,84
2019,Broome,919
2019,Cattaraugus,339
2019,Cayuga,194
2019,Chautaugua,853
2019,Chemung,215
2019,Chenango,263
2019,Clinton,127
2019,Columbia,158
2019,Cortland,249
2019,Delaware,131
2019,Dutchess,802
2019,Erie,5310
2019,Essex,64
2019,Franklin,63
2019,Fulton,496
2019,Genesee,361
2019,Greene,65
2019,Hamilton,1
2019,Herkimer,174
2019,Jefferson,668
2019,Lewis,59
2019,Livingston,192
2019,Madison,340
2019,Monroe,5355
2019,Montgomery,195
2019,Nassau,3015
2019,Niagara,1225
2019,Oneida,1497
2019,Onondaga,4818
2019,Ontario,322
2019,Orange,1809
2019,Orleans,167
2019,Oswego,507
2019,Otsego,95
2019,Putnam,72
2019,Rensselaer,1157
2019,Rockland,726
2019,St. Lawrence,321
2019,Saratoga,466
2019,Schenectady,1441
2019,Schoharie,46
2019,Schuyler,24
2019,Seneca,119
2019,Steuben,210
2019,Suffolk,4748
2019,Sullivan,211
2019,Tioga,95
2019,Tompkins,270
2019,Ulster,548
2019,Warren,171
2019,Washington,123
2019,Wayne,428
2019,Westchester,1694
2019,Wyoming,60
2019,Yates,66
