County,Year,Admissions
ALBANY,2007,8994
ALBANY,2008,8881
ALBANY,2009,8497
ALBANY,2010,8414
ALBANY,2011,7437
ALBANY,2012,7098
ALBANY,2013,7883
ALBANY,2014,7220
ALBANY,2015,6538
ALBANY,2016,6095
ALBANY,2017,6522
ALBANY,2018,6666
ALBANY,2019,5706
ALBANY,2020,4471
ALLEGANY,2007,333
ALLEGANY,2008,347
ALLEGANY,2009,303
ALLEGANY,2010,338
ALLEGANY,2011,311
ALLEGANY,2012,347
ALLEGANY,2013,329
ALLEGANY,2014,341
ALLEGANY,2015,313
ALLEGANY,2016,363
ALLEGANY,2017,348
ALLEGANY,2018,323
ALLEGANY,2019,300
ALLEGANY,2020,223
BRONX,2007,26509
BRONX,2008,29066
BRONX,2009,29845
BRONX,2010,26983
BRONX,2011,25837
BRONX,2012,25286
BRONX,2013,22757
BRONX,2014,20466
BRONX,2015,18542
BRONX,2016,16891
BRONX,2017,17635
BRONX,2018,17578
BRONX,2019,17165
BRONX,2020,12053
BROOME,2007,3033
BROOME,2008,3101
BROOME,2009,3103
BROOME,2010,2931
BROOME,2011,2817
BROOME,2012,2699
BROOME,2013,2814
BROOME,2014,2844
BROOME,2015,2932
BROOME,2016,3034
BROOME,2017,3169
BROOME,2018,3861
BROOME,2019,5348
BROOME,2020,4552
CATTARAUGUS,2007,990
CATTARAUGUS,2008,1011
CATTARAUGUS,2009,943
CATTARAUGUS,2010,708
CATTARAUGUS,2011,641
CATTARAUGUS,2012,602
CATTARAUGUS,2013,599
CATTARAUGUS,2014,563
CATTARAUGUS,2015,594
CATTARAUGUS,2016,805
CATTARAUGUS,2017,971
CATTARAUGUS,2018,935
CATTARAUGUS,2019,767
CATTARAUGUS,2020,459
CAYUGA,2007,540
CAYUGA,2008,612
CAYUGA,2009,653
CAYUGA,2010,714
CAYUGA,2011,661
CAYUGA,2012,711
CAYUGA,2013,679
CAYUGA,2014,726
CAYUGA,2015,724
CAYUGA,2016,792
CAYUGA,2017,645
CAYUGA,2018,571
CAYUGA,2019,512
CAYUGA,2020,379
CHAUTAUQUA,2007,1685
CHAUTAUQUA,2008,1655
CHAUTAUQUA,2009,1497
CHAUTAUQUA,2010,1361
CHAUTAUQUA,2011,1304
CHAUTAUQUA,2012,1344
CHAUTAUQUA,2013,1202
CHAUTAUQUA,2014,1181
CHAUTAUQUA,2015,1356
CHAUTAUQUA,2016,1327
CHAUTAUQUA,2017,1404
CHAUTAUQUA,2018,1482
CHAUTAUQUA,2019,1371
CHAUTAUQUA,2020,1030
CHEMUNG,2007,925
CHEMUNG,2008,908
CHEMUNG,2009,1013
CHEMUNG,2010,1047
CHEMUNG,2011,1113
CHEMUNG,2012,1158
CHEMUNG,2013,1189
CHEMUNG,2014,1169
CHEMUNG,2015,1418
CHEMUNG,2016,1424
CHEMUNG,2017,1463
CHEMUNG,2018,1601
CHEMUNG,2019,1440
CHEMUNG,2020,1252
CHENANGO,2007,332
CHENANGO,2008,315
CHENANGO,2009,351
CHENANGO,2010,368
CHENANGO,2011,356
CHENANGO,2012,403
CHENANGO,2013,364
CHENANGO,2014,379
CHENANGO,2015,322
CHENANGO,2016,386
CHENANGO,2017,304
CHENANGO,2018,373
CHENANGO,2019,316
CHENANGO,2020,230
CLINTON,2007,808
CLINTON,2008,788
CLINTON,2009,758
CLINTON,2010,848
CLINTON,2011,908
CLINTON,2012,794
CLINTON,2013,818
CLINTON,2014,844
CLINTON,2015,776
CLINTON,2016,935
CLINTON,2017,954
CLINTON,2018,1004
CLINTON,2019,1126
CLINTON,2020,798
COLUMBIA,2007,552
COLUMBIA,2008,577
COLUMBIA,2009,552
COLUMBIA,2010,548
COLUMBIA,2011,530
COLUMBIA,2012,506
COLUMBIA,2013,451
COLUMBIA,2014,449
COLUMBIA,2015,434
COLUMBIA,2016,493
COLUMBIA,2017,505
COLUMBIA,2018,456
COLUMBIA,2019,415
COLUMBIA,2020,311
CORTLAND,2007,361
CORTLAND,2008,414
CORTLAND,2009,456
CORTLAND,2010,504
CORTLAND,2011,497
CORTLAND,2012,477
CORTLAND,2013,591
CORTLAND,2014,724
CORTLAND,2015,869
CORTLAND,2016,826
CORTLAND,2017,757
CORTLAND,2018,745
CORTLAND,2019,823
CORTLAND,2020,675
DELAWARE,2007,804
DELAWARE,2008,869
DELAWARE,2009,867
DELAWARE,2010,831
DELAWARE,2011,769
DELAWARE,2012,530
DELAWARE,2013,568
DELAWARE,2014,531
DELAWARE,2015,426
DELAWARE,2016,350
DELAWARE,2017,385
DELAWARE,2018,346
DELAWARE,2019,319
DELAWARE,2020,261
DUTCHESS,2007,7337
DUTCHESS,2008,6710
DUTCHESS,2009,6692
DUTCHESS,2010,6447
DUTCHESS,2011,6203
DUTCHESS,2012,6006
DUTCHESS,2013,6037
DUTCHESS,2014,6073
DUTCHESS,2015,6704
DUTCHESS,2016,6530
DUTCHESS,2017,7386
DUTCHESS,2018,7172
DUTCHESS,2019,7259
DUTCHESS,2020,5488
ERIE,2007,16320
ERIE,2008,16841
ERIE,2009,16842
ERIE,2010,17042
ERIE,2011,16005
ERIE,2012,15483
ERIE,2013,14976
ERIE,2014,15791
ERIE,2015,16443
ERIE,2016,15616
ERIE,2017,14999
ERIE,2018,15447
ERIE,2019,14897
ERIE,2020,11256
ESSEX,2007,156
ESSEX,2008,151
ESSEX,2009,134
ESSEX,2010,174
ESSEX,2011,169
ESSEX,2012,194
ESSEX,2013,209
ESSEX,2014,225
ESSEX,2015,215
ESSEX,2016,213
ESSEX,2017,250
ESSEX,2018,203
ESSEX,2019,191
ESSEX,2020,171
FRANKLIN,2007,1003
FRANKLIN,2008,1006
FRANKLIN,2009,1067
FRANKLIN,2010,1027
FRANKLIN,2011,1044
FRANKLIN,2012,1073
FRANKLIN,2013,971
FRANKLIN,2014,1040
FRANKLIN,2015,1037
FRANKLIN,2016,1078
FRANKLIN,2017,1052
FRANKLIN,2018,1076
FRANKLIN,2019,1145
FRANKLIN,2020,915
FULTON,2007,503
FULTON,2008,474
FULTON,2009,456
FULTON,2010,424
FULTON,2011,358
FULTON,2012,409
FULTON,2013,363
FULTON,2014,300
FULTON,2015,321
FULTON,2016,328
FULTON,2017,307
FULTON,2018,385
FULTON,2019,383
FULTON,2020,308
GENESEE,2007,1047
GENESEE,2008,1172
GENESEE,2009,1165
GENESEE,2010,1205
GENESEE,2011,1123
GENESEE,2012,1152
GENESEE,2013,1120
GENESEE,2014,1182
GENESEE,2015,1186
GENESEE,2016,1235
GENESEE,2017,1337
GENESEE,2018,1460
GENESEE,2019,1351
GENESEE,2020,914
GREENE,2007,333
GREENE,2008,433
GREENE,2009,447
GREENE,2010,471
GREENE,2011,430
GREENE,2012,431
GREENE,2013,376
GREENE,2014,413
GREENE,2015,386
GREENE,2016,390
GREENE,2017,471
GREENE,2018,417
GREENE,2019,358
GREENE,2020,232
HERKIMER,2007,111
HERKIMER,2008,293
HERKIMER,2009,288
HERKIMER,2010,270
HERKIMER,2011,355
HERKIMER,2012,335
HERKIMER,2013,337
HERKIMER,2014,329
HERKIMER,2015,377
HERKIMER,2016,348
HERKIMER,2017,341
HERKIMER,2018,339
HERKIMER,2019,301
HERKIMER,2020,145
JEFFERSON,2007,829
JEFFERSON,2008,874
JEFFERSON,2009,812
JEFFERSON,2010,834
JEFFERSON,2011,862
JEFFERSON,2012,943
JEFFERSON,2013,1076
JEFFERSON,2014,1143
JEFFERSON,2015,1163
JEFFERSON,2016,1110
JEFFERSON,2017,1308
JEFFERSON,2018,1172
JEFFERSON,2019,1243
JEFFERSON,2020,1093
KINGS,2007,28777
KINGS,2008,31121
KINGS,2009,31060
KINGS,2010,30896
KINGS,2011,30872
KINGS,2012,29520
KINGS,2013,27519
KINGS,2014,27009
KINGS,2015,26405
KINGS,2016,24828
KINGS,2017,24208
KINGS,2018,25300
KINGS,2019,22323
KINGS,2020,15869
LEWIS,2007,161
LEWIS,2008,180
LEWIS,2009,162
LEWIS,2010,159
LEWIS,2011,113
LEWIS,2012,72
LEWIS,2013,20
LIVINGSTON,2007,357
LIVINGSTON,2008,489
LIVINGSTON,2009,512
LIVINGSTON,2010,530
LIVINGSTON,2011,475
LIVINGSTON,2012,475
LIVINGSTON,2013,551
LIVINGSTON,2014,619
LIVINGSTON,2015,570
LIVINGSTON,2016,692
LIVINGSTON,2017,702
LIVINGSTON,2018,614
LIVINGSTON,2019,798
LIVINGSTON,2020,641
MADISON,2007,311
MADISON,2008,275
MADISON,2009,352
MADISON,2010,409
MADISON,2011,356
MADISON,2012,425
MADISON,2013,332
MADISON,2014,104
MADISON,2015,108
MADISON,2016,125
MADISON,2017,126
MADISON,2018,101
MADISON,2019,98
MADISON,2020,88
MONROE,2007,14848
MONROE,2008,12097
MONROE,2009,10889
MONROE,2010,13060
MONROE,2011,13390
MONROE,2012,13107
MONROE,2013,13840
MONROE,2014,13737
MONROE,2015,14147
MONROE,2016,13881
MONROE,2017,13583
MONROE,2018,13785
MONROE,2019,13403
MONROE,2020,10944
MONTGOMERY,2007,826
MONTGOMERY,2008,698
MONTGOMERY,2009,675
MONTGOMERY,2010,676
MONTGOMERY,2011,591
MONTGOMERY,2012,611
MONTGOMERY,2013,547
MONTGOMERY,2014,613
MONTGOMERY,2015,557
MONTGOMERY,2016,590
MONTGOMERY,2017,630
MONTGOMERY,2018,614
MONTGOMERY,2019,523
MONTGOMERY,2020,357
NASSAU,2007,11229
NASSAU,2008,12020
NASSAU,2009,12528
NASSAU,2010,12121
NASSAU,2011,11775
NASSAU,2012,11032
NASSAU,2013,9668
NASSAU,2014,9465
NASSAU,2015,9485
NASSAU,2016,9665
NASSAU,2017,9236
NASSAU,2018,8943
NASSAU,2019,8752
NASSAU,2020,6260
NEW YORK,2007,45579
NEW YORK,2008,44356
NEW YORK,2009,45227
NEW YORK,2010,44853
NEW YORK,2011,42765
NEW YORK,2012,39183
NEW YORK,2013,36130
NEW YORK,2014,36129
NEW YORK,2015,33172
NEW YORK,2016,31143
NEW YORK,2017,29214
NEW YORK,2018,28019
NEW YORK,2019,28501
NEW YORK,2020,19555
NIAGARA,2007,3536
NIAGARA,2008,3573
NIAGARA,2009,3670
NIAGARA,2010,3759
NIAGARA,2011,3596
NIAGARA,2012,3394
NIAGARA,2013,3277
NIAGARA,2014,3420
NIAGARA,2015,3584
NIAGARA,2016,3932
NIAGARA,2017,4306
NIAGARA,2018,4962
NIAGARA,2019,4814
NIAGARA,2020,3551
ONEIDA,2007,3994
ONEIDA,2008,4080
ONEIDA,2009,4017
ONEIDA,2010,3905
ONEIDA,2011,4194
ONEIDA,2012,4295
ONEIDA,2013,4272
ONEIDA,2014,4198
ONEIDA,2015,4397
ONEIDA,2016,5149
ONEIDA,2017,4767
ONEIDA,2018,4171
ONEIDA,2019,3946
ONEIDA,2020,2781
ONONDAGA,2007,9262
ONONDAGA,2008,9479
ONONDAGA,2009,9749
ONONDAGA,2010,9917
ONONDAGA,2011,10420
ONONDAGA,2012,10430
ONONDAGA,2013,11163
ONONDAGA,2014,10814
ONONDAGA,2015,10588
ONONDAGA,2016,10608
ONONDAGA,2017,11099
ONONDAGA,2018,11059
ONONDAGA,2019,10543
ONONDAGA,2020,8885
ONTARIO,2007,2390
ONTARIO,2008,2530
ONTARIO,2009,2511
ONTARIO,2010,2136
ONTARIO,2011,1962
ONTARIO,2012,1821
ONTARIO,2013,2057
ONTARIO,2014,2388
ONTARIO,2015,2404
ONTARIO,2016,2906
ONTARIO,2017,3224
ONTARIO,2018,2829
ONTARIO,2019,3247
ONTARIO,2020,3051
ORANGE,2007,5022
ORANGE,2008,5295
ORANGE,2009,5370
ORANGE,2010,5891
ORANGE,2011,5612
ORANGE,2012,5323
ORANGE,2013,5286
ORANGE,2014,5193
ORANGE,2015,5214
ORANGE,2016,5274
ORANGE,2017,4641
ORANGE,2018,4557
ORANGE,2019,3881
ORANGE,2020,4296
ORLEANS,2007,398
ORLEANS,2008,385
ORLEANS,2009,356
ORLEANS,2010,441
ORLEANS,2011,385
ORLEANS,2012,394
ORLEANS,2013,396
ORLEANS,2014,399
ORLEANS,2015,326
ORLEANS,2016,409
ORLEANS,2017,325
ORLEANS,2018,369
ORLEANS,2019,300
ORLEANS,2020,202
OSWEGO,2007,618
OSWEGO,2008,653
OSWEGO,2009,723
OSWEGO,2010,724
OSWEGO,2011,727
OSWEGO,2012,826
OSWEGO,2013,951
OSWEGO,2014,938
OSWEGO,2015,1050
OSWEGO,2016,981
OSWEGO,2017,1016
OSWEGO,2018,1006
OSWEGO,2019,1071
OSWEGO,2020,798
OTSEGO,2007,230
OTSEGO,2008,255
OTSEGO,2009,327
OTSEGO,2010,317
OTSEGO,2011,267
OTSEGO,2012,339
OTSEGO,2013,362
OTSEGO,2014,331
OTSEGO,2015,306
OTSEGO,2016,308
OTSEGO,2017,315
OTSEGO,2018,300
OTSEGO,2019,306
OTSEGO,2020,232
PUTNAM,2007,4897
PUTNAM,2008,5415
PUTNAM,2009,5719
PUTNAM,2010,5753
PUTNAM,2011,5862
PUTNAM,2012,6089
PUTNAM,2013,5866
PUTNAM,2014,5924
PUTNAM,2015,6871
PUTNAM,2016,7337
PUTNAM,2017,8091
PUTNAM,2018,8233
PUTNAM,2019,8681
PUTNAM,2020,6731
QUEENS,2007,25820
QUEENS,2008,26039
QUEENS,2009,25590
QUEENS,2010,25002
QUEENS,2011,25205
QUEENS,2012,24355
QUEENS,2013,24459
QUEENS,2014,24272
QUEENS,2015,24042
QUEENS,2016,23940
QUEENS,2017,23551
QUEENS,2018,23498
QUEENS,2019,22532
QUEENS,2020,17657
RENSSELAER,2007,2205
RENSSELAER,2008,2316
RENSSELAER,2009,2527
RENSSELAER,2010,2434
RENSSELAER,2011,2144
RENSSELAER,2012,2141
RENSSELAER,2013,2278
RENSSELAER,2014,2554
RENSSELAER,2015,2515
RENSSELAER,2016,2185
RENSSELAER,2017,1827
RENSSELAER,2018,2006
RENSSELAER,2019,1771
RENSSELAER,2020,1342
RICHMOND,2007,9724
RICHMOND,2008,9239
RICHMOND,2009,9523
RICHMOND,2010,9117
RICHMOND,2011,8609
RICHMOND,2012,8004
RICHMOND,2013,6682
RICHMOND,2014,6651
RICHMOND,2015,6580
RICHMOND,2016,6613
RICHMOND,2017,6439
RICHMOND,2018,6041
RICHMOND,2019,5597
RICHMOND,2020,2939
ROCKLAND,2007,3381
ROCKLAND,2008,3495
ROCKLAND,2009,3886
ROCKLAND,2010,3912
ROCKLAND,2011,3978
ROCKLAND,2012,3727
ROCKLAND,2013,3616
ROCKLAND,2014,3617
ROCKLAND,2015,3685
ROCKLAND,2016,3642
ROCKLAND,2017,3624
ROCKLAND,2018,3491
ROCKLAND,2019,3389
ROCKLAND,2020,2699
SARATOGA,2007,744
SARATOGA,2008,839
SARATOGA,2009,800
SARATOGA,2010,846
SARATOGA,2011,709
SARATOGA,2012,631
SARATOGA,2013,620
SARATOGA,2014,662
SARATOGA,2015,638
SARATOGA,2016,575
SARATOGA,2017,637
SARATOGA,2018,608
SARATOGA,2019,749
SARATOGA,2020,673
SCHENECTADY,2007,6751
SCHENECTADY,2008,7086
SCHENECTADY,2009,7283
SCHENECTADY,2010,7592
SCHENECTADY,2011,7366
SCHENECTADY,2012,6795
SCHENECTADY,2013,6871
SCHENECTADY,2014,7609
SCHENECTADY,2015,8017
SCHENECTADY,2016,8525
SCHENECTADY,2017,8867
SCHENECTADY,2018,9097
SCHENECTADY,2019,8763
SCHENECTADY,2020,5902
SCHOHARIE,2007,184
SCHOHARIE,2008,208
SCHOHARIE,2009,210
SCHOHARIE,2010,217
SCHOHARIE,2011,161
SCHOHARIE,2012,180
SCHOHARIE,2013,215
SCHOHARIE,2014,168
SCHOHARIE,2015,176
SCHOHARIE,2016,202
SCHOHARIE,2017,137
SCHOHARIE,2018,176
SCHOHARIE,2019,187
SCHOHARIE,2020,186
SCHUYLER,2007,149
SCHUYLER,2008,140
SCHUYLER,2009,146
SCHUYLER,2010,136
SCHUYLER,2011,133
SCHUYLER,2012,154
SCHUYLER,2013,173
SCHUYLER,2014,193
SCHUYLER,2015,245
SCHUYLER,2016,234
SCHUYLER,2017,227
SCHUYLER,2018,205
SCHUYLER,2019,168
SCHUYLER,2020,155
SENECA,2007,551
SENECA,2008,568
SENECA,2009,553
SENECA,2010,568
SENECA,2011,514
SENECA,2012,546
SENECA,2013,474
SENECA,2014,532
SENECA,2015,637
SENECA,2016,682
SENECA,2017,795
SENECA,2018,783
SENECA,2019,629
SENECA,2020,430
ST. LAWRENCE,2007,2338
ST. LAWRENCE,2008,2550
ST. LAWRENCE,2009,2608
ST. LAWRENCE,2010,2663
ST. LAWRENCE,2011,2773
ST. LAWRENCE,2012,2810
ST. LAWRENCE,2013,2790
ST. LAWRENCE,2014,2834
ST. LAWRENCE,2015,2759
ST. LAWRENCE,2016,2655
ST. LAWRENCE,2017,2572
ST. LAWRENCE,2018,1904
ST. LAWRENCE,2019,1617
ST. LAWRENCE,2020,1324
STEUBEN,2007,1517
STEUBEN,2008,1590
STEUBEN,2009,1693
STEUBEN,2010,1630
STEUBEN,2011,1600
STEUBEN,2012,1696
STEUBEN,2013,1798
STEUBEN,2014,1764
STEUBEN,2015,1899
STEUBEN,2016,2457
STEUBEN,2017,2856
STEUBEN,2018,1794
STEUBEN,2019,1356
STEUBEN,2020,1063
SUFFOLK,2007,20577
SUFFOLK,2008,21403
SUFFOLK,2009,21802
SUFFOLK,2010,21453
SUFFOLK,2011,21259
SUFFOLK,2012,21940
SUFFOLK,2013,22396
SUFFOLK,2014,23315
SUFFOLK,2015,23326
SUFFOLK,2016,23796
SUFFOLK,2017,23407
SUFFOLK,2018,22760
SUFFOLK,2019,22874
SUFFOLK,2020,17047
SULLIVAN,2007,2498
SULLIVAN,2008,2478
SULLIVAN,2009,1992
SULLIVAN,2010,2220
SULLIVAN,2011,2390
SULLIVAN,2012,2126
SULLIVAN,2013,1891
SULLIVAN,2014,1380
SULLIVAN,2015,1539
SULLIVAN,2016,1519
SULLIVAN,2017,1515
SULLIVAN,2018,1572
SULLIVAN,2019,1649
SULLIVAN,2020,975
TIOGA,2007,185
TIOGA,2008,234
TIOGA,2009,185
TIOGA,2010,182
TIOGA,2011,180
TIOGA,2012,174
TIOGA,2013,168
TIOGA,2014,178
TIOGA,2015,139
TIOGA,2016,158
TIOGA,2017,132
TIOGA,2018,177
TIOGA,2019,124
TIOGA,2020,112
TOMPKINS,2007,829
TOMPKINS,2008,1009
TOMPKINS,2009,1054
TOMPKINS,2010,1012
TOMPKINS,2011,1019
TOMPKINS,2012,1144
TOMPKINS,2013,1113
TOMPKINS,2014,1122
TOMPKINS,2015,1042
TOMPKINS,2016,1028
TOMPKINS,2017,1298
TOMPKINS,2018,1168
TOMPKINS,2019,1033
TOMPKINS,2020,905
ULSTER,2007,3931
ULSTER,2008,3746
ULSTER,2009,3589
ULSTER,2010,3430
ULSTER,2011,3475
ULSTER,2012,3384
ULSTER,2013,3392
ULSTER,2014,3327
ULSTER,2015,3494
ULSTER,2016,3524
ULSTER,2017,3498
ULSTER,2018,3565
ULSTER,2019,3656
ULSTER,2020,2276
WARREN,2007,1107
WARREN,2008,1142
WARREN,2009,1167
WARREN,2010,1229
WARREN,2011,1136
WARREN,2012,1089
WARREN,2013,1129
WARREN,2014,1059
WARREN,2015,1093
WARREN,2016,1175
WARREN,2017,1243
WARREN,2018,1197
WARREN,2019,1192
WARREN,2020,1021
WASHINGTON,2007,401
WASHINGTON,2008,365
WASHINGTON,2009,370
WASHINGTON,2010,329
WASHINGTON,2011,351
WASHINGTON,2012,300
WASHINGTON,2013,252
WASHINGTON,2014,260
WASHINGTON,2015,203
WASHINGTON,2016,256
WASHINGTON,2017,235
WASHINGTON,2018,225
WASHINGTON,2019,180
WASHINGTON,2020,147
WAYNE,2007,725
WAYNE,2008,665
WAYNE,2009,728
WAYNE,2010,799
WAYNE,2011,754
WAYNE,2012,707
WAYNE,2013,824
WAYNE,2014,769
WAYNE,2015,718
WAYNE,2016,756
WAYNE,2017,815
WAYNE,2018,965
WAYNE,2019,960
WAYNE,2020,838
WESTCHESTER,2007,15074
WESTCHESTER,2008,15301
WESTCHESTER,2009,15014
WESTCHESTER,2010,15501
WESTCHESTER,2011,15689
WESTCHESTER,2012,15263
WESTCHESTER,2013,14692
WESTCHESTER,2014,14162
WESTCHESTER,2015,14367
WESTCHESTER,2016,14865
WESTCHESTER,2017,14467
WESTCHESTER,2018,15271
WESTCHESTER,2019,16113
WESTCHESTER,2020,10552
WYOMING,2007,286
WYOMING,2008,292
WYOMING,2009,320
WYOMING,2010,301
WYOMING,2011,374
WYOMING,2012,418
WYOMING,2013,302
WYOMING,2014,254
WYOMING,2015,226
WYOMING,2016,240
WYOMING,2017,282
WYOMING,2018,357
WYOMING,2019,171
WYOMING,2020,52
YATES,2007,114
YATES,2008,130
YATES,2009,88
YATES,2010,97
YATES,2011,105
YATES,2012,108
YATES,2013,160
YATES,2014,169
YATES,2015,163
YATES,2016,179
YATES,2017,185
YATES,2018,201
YATES,2019,181
YATES,2020,140
