Year,County,Population
2010,ALBANY,304204.0
2010,ALLEGANY,48946.0
2010,BRONX,1385108.0
2010,BROOME,200600.0
2010,CATTARAUGUS,80317.0
2010,CAYUGA,80026.0
2010,CHAUTAUQUA,134905.0
2010,CHEMUNG,88830.0
2010,CHENANGO,50477.0
2010,CLINTON,82128.0
2010,COLUMBIA,63096.0
2010,CORTLAND,49336.0
2010,DELAWARE,47980.0
2010,DUTCHESS,297488.0
2010,ERIE,919040.0
2010,ESSEX,39370.0
2010,FRANKLIN,51599.0
2010,FULTON,55531.0
2010,GENESEE,60079.0
2010,GREENE,49221.0
2010,HAMILTON,4836.0
2010,HERKIMER,64519.0
2010,JEFFERSON,116229.0
2010,KINGS,2504700.0
2010,LEWIS,27087.0
2010,LIVINGSTON,65393.0
2010,MADISON,73442.0
2010,MONROE,744344.0
2010,MONTGOMERY,50219.0
2010,NASSAU,1339532.0
2010,NEW YORK,1585873.0
2010,NIAGARA,216469.0
2010,ONEIDA,234878.0
2010,ONONDAGA,467026.0
2010,ONTARIO,107931.0
2010,ORANGE,372813.0
2010,ORLEANS,42883.0
2010,OSWEGO,122109.0
2010,OTSEGO,62259.0
2010,PUTNAM,99710.0
2010,QUEENS,2230722.0
2010,RENSSELAER,159429.0
2010,RICHMOND,468730.0
2010,ROCKLAND,311687.0
2010,SARATOGA,219607.0
2010,SCHENECTADY,154727.0
2010,SCHOHARIE,32749.0
2010,SCHUYLER,18343.0
2010,SENECA,35251.0
2010,ST. LAWRENCE,111944.0
2010,STEUBEN,98990.0
2010,SUFFOLK,1493350.0
2010,SULLIVAN,77547.0
2010,TIOGA,51125.0
2010,TOMPKINS,101564.0
2010,ULSTER,182493.0
2010,WARREN,65707.0
2010,WASHINGTON,63216.0
2010,WAYNE,93772.0
2010,WESTCHESTER,949113.0
2010,WYOMING,42155.0
2010,YATES,25348.0
2011,ALBANY,305252.0
2011,ALLEGANY,48691.0
2011,BRONX,1393623.0
2011,BROOME,200407.0
2011,CATTARAUGUS,79983.0
2011,CAYUGA,79640.0
2011,CHAUTAUQUA,134162.0
2011,CHEMUNG,88350.0
2011,CHENANGO,50141.0
2011,CLINTON,81896.0
2011,COLUMBIA,62941.0
2011,CORTLAND,49077.0
2011,DELAWARE,47599.0
2011,DUTCHESS,297330.0
2011,ERIE,922500.0
2011,ESSEX,39166.0
2011,FRANKLIN,51179.0
2011,FULTON,55306.0
2011,GENESEE,59907.0
2011,GREENE,49090.0
2011,HAMILTON,4862.0
2011,HERKIMER,64067.0
2011,JEFFERSON,116278.0
2011,KINGS,2526928.0
2011,LEWIS,27036.0
2011,LIVINGSTON,65028.0
2011,MADISON,72880.0
2011,MONROE,745840.0
2011,MONTGOMERY,50149.0
2011,NASSAU,1345052.0
2011,NEW YORK,1596391.0
2011,NIAGARA,216085.0
2011,ONEIDA,234601.0
2011,ONONDAGA,467966.0
2011,ONTARIO,108375.0
2011,ORANGE,375569.0
2011,ORLEANS,42622.0
2011,OSWEGO,121642.0
2011,OTSEGO,61875.0
2011,PUTNAM,99503.0
2011,QUEENS,2247609.0
2011,RENSSELAER,159598.0
2011,RICHMOND,471364.0
2011,ROCKLAND,314254.0
2011,SARATOGA,221147.0
2011,SCHENECTADY,155057.0
2011,SCHOHARIE,32432.0
2011,SCHUYLER,18298.0
2011,SENECA,35104.0
2011,ST. LAWRENCE,111595.0
2011,STEUBEN,98435.0
2011,SUFFOLK,1496575.0
2011,SULLIVAN,77654.0
2011,TIOGA,50851.0
2011,TOMPKINS,101974.0
2011,ULSTER,182428.0
2011,WARREN,65710.0
2011,WASHINGTON,63022.0
2011,WAYNE,93520.0
2011,WESTCHESTER,954507.0
2011,WYOMING,41989.0
2011,YATES,25290.0
2012,ALBANY,306303.0
2012,ALLEGANY,48437.0
2012,BRONX,1402190.0
2012,BROOME,200214.0
2012,CATTARAUGUS,79650.0
2012,CAYUGA,79255.0
2012,CHAUTAUQUA,133423.0
2012,CHEMUNG,87873.0
2012,CHENANGO,49807.0
2012,CLINTON,81665.0
2012,COLUMBIA,62787.0
2012,CORTLAND,48819.0
2012,DELAWARE,47221.0
2012,DUTCHESS,297172.0
2012,ERIE,925973.0
2012,ESSEX,38963.0
2012,FRANKLIN,50763.0
2012,FULTON,55082.0
2012,GENESEE,59736.0
2012,GREENE,48959.0
2012,HAMILTON,4888.0
2012,HERKIMER,63618.0
2012,JEFFERSON,116327.0
2012,KINGS,2549353.0
2012,LEWIS,26985.0
2012,LIVINGSTON,64665.0
2012,MADISON,72322.0
2012,MONROE,747339.0
2012,MONTGOMERY,50080.0
2012,NASSAU,1350595.0
2012,NEW YORK,1606979.0
2012,NIAGARA,215702.0
2012,ONEIDA,234324.0
2012,ONONDAGA,468908.0
2012,ONTARIO,108821.0
2012,ORANGE,378345.0
2012,ORLEANS,42362.0
2012,OSWEGO,121177.0
2012,OTSEGO,61493.0
2012,PUTNAM,99297.0
2012,QUEENS,2264624.0
2012,RENSSELAER,159767.0
2012,RICHMOND,474012.0
2012,ROCKLAND,316842.0
2012,SARATOGA,222698.0
2012,SCHENECTADY,155388.0
2012,SCHOHARIE,32118.0
2012,SCHUYLER,18253.0
2012,SENECA,34958.0
2012,ST. LAWRENCE,111247.0
2012,STEUBEN,97883.0
2012,SUFFOLK,1499807.0
2012,SULLIVAN,77761.0
2012,TIOGA,50579.0
2012,TOMPKINS,102385.0
2012,ULSTER,182363.0
2012,WARREN,65713.0
2012,WASHINGTON,62828.0
2012,WAYNE,93268.0
2012,WESTCHESTER,959932.0
2012,WYOMING,41824.0
2012,YATES,25232.0
2013,ALBANY,307358.0
2013,ALLEGANY,48184.0
2013,BRONX,1410810.0
2013,BROOME,200021.0
2013,CATTARAUGUS,79319.0
2013,CAYUGA,78872.0
2013,CHAUTAUQUA,132688.0
2013,CHEMUNG,87398.0
2013,CHENANGO,49475.0
2013,CLINTON,81434.0
2013,COLUMBIA,62633.0
2013,CORTLAND,48563.0
2013,DELAWARE,46846.0
2013,DUTCHESS,297014.0
2013,ERIE,929459.0
2013,ESSEX,38761.0
2013,FRANKLIN,50350.0
2013,FULTON,54859.0
2013,GENESEE,59565.0
2013,GREENE,48829.0
2013,HAMILTON,4914.0
2013,HERKIMER,63172.0
2013,JEFFERSON,116376.0
2013,KINGS,2571977.0
2013,LEWIS,26934.0
2013,LIVINGSTON,64304.0
2013,MADISON,71769.0
2013,MONROE,748841.0
2013,MONTGOMERY,50011.0
2013,NASSAU,1356161.0
2013,NEW YORK,1617637.0
2013,NIAGARA,215320.0
2013,ONEIDA,234047.0
2013,ONONDAGA,469852.0
2013,ONTARIO,109269.0
2013,ORANGE,381142.0
2013,ORLEANS,42104.0
2013,OSWEGO,120714.0
2013,OTSEGO,61113.0
2013,PUTNAM,99091.0
2013,QUEENS,2281767.0
2013,RENSSELAER,159936.0
2013,RICHMOND,476675.0
2013,ROCKLAND,319451.0
2013,SARATOGA,224260.0
2013,SCHENECTADY,155719.0
2013,SCHOHARIE,31807.0
2013,SCHUYLER,18208.0
2013,SENECA,34812.0
2013,ST. LAWRENCE,110900.0
2013,STEUBEN,97334.0
2013,SUFFOLK,1503046.0
2013,SULLIVAN,77868.0
2013,TIOGA,50308.0
2013,TOMPKINS,102798.0
2013,ULSTER,182298.0
2013,WARREN,65716.0
2013,WASHINGTON,62635.0
2013,WAYNE,93017.0
2013,WESTCHESTER,965387.0
2013,WYOMING,41660.0
2013,YATES,25174.0
2014,ALBANY,308416.0
2014,ALLEGANY,47933.0
2014,BRONX,1419483.0
2014,BROOME,199829.0
2014,CATTARAUGUS,78989.0
2014,CAYUGA,78491.0
2014,CHAUTAUQUA,131957.0
2014,CHEMUNG,86926.0
2014,CHENANGO,49146.0
2014,CLINTON,81204.0
2014,COLUMBIA,62479.0
2014,CORTLAND,48308.0
2014,DELAWARE,46474.0
2014,DUTCHESS,296856.0
2014,ERIE,932958.0
2014,ESSEX,38560.0
2014,FRANKLIN,49940.0
2014,FULTON,54637.0
2014,GENESEE,59395.0
2014,GREENE,48699.0
2014,HAMILTON,4940.0
2014,HERKIMER,62729.0
2014,JEFFERSON,116425.0
2014,KINGS,2594802.0
2014,LEWIS,26883.0
2014,LIVINGSTON,63945.0
2014,MADISON,71220.0
2014,MONROE,750346.0
2014,MONTGOMERY,49942.0
2014,NASSAU,1361750.0
2014,NEW YORK,1628366.0
2014,NIAGARA,214938.0
2014,ONEIDA,233771.0
2014,ONONDAGA,470798.0
2014,ONTARIO,109718.0
2014,ORANGE,383959.0
2014,ORLEANS,41847.0
2014,OSWEGO,120253.0
2014,OTSEGO,60736.0
2014,PUTNAM,98886.0
2014,QUEENS,2299040.0
2014,RENSSELAER,160105.0
2014,RICHMOND,479353.0
2014,ROCKLAND,322081.0
2014,SARATOGA,225833.0
2014,SCHENECTADY,156051.0
2014,SCHOHARIE,31499.0
2014,SCHUYLER,18163.0
2014,SENECA,34667.0
2014,ST. LAWRENCE,110554.0
2014,STEUBEN,96789.0
2014,SUFFOLK,1506292.0
2014,SULLIVAN,77975.0
2014,TIOGA,50038.0
2014,TOMPKINS,103213.0
2014,ULSTER,182233.0
2014,WARREN,65719.0
2014,WASHINGTON,62442.0
2014,WAYNE,92767.0
2014,WESTCHESTER,970873.0
2014,WYOMING,41496.0
2014,YATES,25116.0
2015,ALBANY,309478.0
2015,ALLEGANY,47683.0
2015,BRONX,1428209.0
2015,BROOME,199637.0
2015,CATTARAUGUS,78660.0
2015,CAYUGA,78112.0
2015,CHAUTAUQUA,131230.0
2015,CHEMUNG,86456.0
2015,CHENANGO,48819.0
2015,CLINTON,80975.0
2015,COLUMBIA,62326.0
2015,CORTLAND,48054.0
2015,DELAWARE,46105.0
2015,DUTCHESS,296698.0
2015,ERIE,936470.0
2015,ESSEX,38360.0
2015,FRANKLIN,49534.0
2015,FULTON,54415.0
2015,GENESEE,59225.0
2015,GREENE,48569.0
2015,HAMILTON,4967.0
2015,HERKIMER,62289.0
2015,JEFFERSON,116474.0
2015,KINGS,2617830.0
2015,LEWIS,26832.0
2015,LIVINGSTON,63588.0
2015,MADISON,70675.0
2015,MONROE,751854.0
2015,MONTGOMERY,49873.0
2015,NASSAU,1367362.0
2015,NEW YORK,1639166.0
2015,NIAGARA,214557.0
2015,ONEIDA,233495.0
2015,ONONDAGA,471746.0
2015,ONTARIO,110169.0
2015,ORANGE,386797.0
2015,ORLEANS,41592.0
2015,OSWEGO,119793.0
2015,OTSEGO,60361.0
2015,PUTNAM,98681.0
2015,QUEENS,2316444.0
2015,RENSSELAER,160275.0
2015,RICHMOND,482046.0
2015,ROCKLAND,324733.0
2015,SARATOGA,227417.0
2015,SCHENECTADY,156384.0
2015,SCHOHARIE,31194.0
2015,SCHUYLER,18118.0
2015,SENECA,34523.0
2015,ST. LAWRENCE,110209.0
2015,STEUBEN,96247.0
2015,SUFFOLK,1509545.0
2015,SULLIVAN,78082.0
2015,TIOGA,49770.0
2015,TOMPKINS,103629.0
2015,ULSTER,182168.0
2015,WARREN,65722.0
2015,WASHINGTON,62250.0
2015,WAYNE,92517.0
2015,WESTCHESTER,976391.0
2015,WYOMING,41333.0
2015,YATES,25058.0
2016,ALBANY,310544.0
2016,ALLEGANY,47434.0
2016,BRONX,1436989.0
2016,BROOME,199445.0
2016,CATTARAUGUS,78333.0
2016,CAYUGA,77735.0
2016,CHAUTAUQUA,130507.0
2016,CHEMUNG,85989.0
2016,CHENANGO,48494.0
2016,CLINTON,80746.0
2016,COLUMBIA,62173.0
2016,CORTLAND,47802.0
2016,DELAWARE,45739.0
2016,DUTCHESS,296540.0
2016,ERIE,939996.0
2016,ESSEX,38161.0
2016,FRANKLIN,49131.0
2016,FULTON,54194.0
2016,GENESEE,59056.0
2016,GREENE,48440.0
2016,HAMILTON,4994.0
2016,HERKIMER,61852.0
2016,JEFFERSON,116523.0
2016,KINGS,2641062.0
2016,LEWIS,26781.0
2016,LIVINGSTON,63233.0
2016,MADISON,70134.0
2016,MONROE,753365.0
2016,MONTGOMERY,49804.0
2016,NASSAU,1372997.0
2016,NEW YORK,1650037.0
2016,NIAGARA,214177.0
2016,ONEIDA,233219.0
2016,ONONDAGA,472696.0
2016,ONTARIO,110622.0
2016,ORANGE,389656.0
2016,ORLEANS,41338.0
2016,OSWEGO,119335.0
2016,OTSEGO,59988.0
2016,PUTNAM,98477.0
2016,QUEENS,2333980.0
2016,RENSSELAER,160445.0
2016,RICHMOND,484755.0
2016,ROCKLAND,327407.0
2016,SARATOGA,229012.0
2016,SCHENECTADY,156717.0
2016,SCHOHARIE,30892.0
2016,SCHUYLER,18073.0
2016,SENECA,34379.0
2016,ST. LAWRENCE,109865.0
2016,STEUBEN,95708.0
2016,SUFFOLK,1512805.0
2016,SULLIVAN,78189.0
2016,TIOGA,49503.0
2016,TOMPKINS,104047.0
2016,ULSTER,182103.0
2016,WARREN,65725.0
2016,WASHINGTON,62059.0
2016,WAYNE,92268.0
2016,WESTCHESTER,981940.0
2016,WYOMING,41171.0
2016,YATES,25000.0
2017,ALBANY,311613.0
2017,ALLEGANY,47187.0
2017,BRONX,1445823.0
2017,BROOME,199253.0
2017,CATTARAUGUS,78007.0
2017,CAYUGA,77360.0
2017,CHAUTAUQUA,129788.0
2017,CHEMUNG,85524.0
2017,CHENANGO,48171.0
2017,CLINTON,80518.0
2017,COLUMBIA,62021.0
2017,CORTLAND,47551.0
2017,DELAWARE,45376.0
2017,DUTCHESS,296382.0
2017,ERIE,943535.0
2017,ESSEX,37963.0
2017,FRANKLIN,48731.0
2017,FULTON,53974.0
2017,GENESEE,58887.0
2017,GREENE,48311.0
2017,HAMILTON,5021.0
2017,HERKIMER,61418.0
2017,JEFFERSON,116572.0
2017,KINGS,2664500.0
2017,LEWIS,26730.0
2017,LIVINGSTON,62880.0
2017,MADISON,69597.0
2017,MONROE,754879.0
2017,MONTGOMERY,49735.0
2017,NASSAU,1378655.0
2017,NEW YORK,1660980.0
2017,NIAGARA,213797.0
2017,ONEIDA,232944.0
2017,ONONDAGA,473647.0
2017,ONTARIO,111077.0
2017,ORANGE,392536.0
2017,ORLEANS,41086.0
2017,OSWEGO,118879.0
2017,OTSEGO,59618.0
2017,PUTNAM,98273.0
2017,QUEENS,2351648.0
2017,RENSSELAER,160615.0
2017,RICHMOND,487479.0
2017,ROCKLAND,330103.0
2017,SARATOGA,230618.0
2017,SCHENECTADY,157051.0
2017,SCHOHARIE,30593.0
2017,SCHUYLER,18028.0
2017,SENECA,34236.0
2017,ST. LAWRENCE,109522.0
2017,STEUBEN,95172.0
2017,SUFFOLK,1516072.0
2017,SULLIVAN,78297.0
2017,TIOGA,49238.0
2017,TOMPKINS,104467.0
2017,ULSTER,182038.0
2017,WARREN,65728.0
2017,WASHINGTON,61868.0
2017,WAYNE,92020.0
2017,WESTCHESTER,987520.0
2017,WYOMING,41009.0
2017,YATES,24942.0
2018,ALBANY,312686.0
2018,ALLEGANY,46941.0
2018,BRONX,1454711.0
2018,BROOME,199061.0
2018,CATTARAUGUS,77683.0
2018,CAYUGA,76986.0
2018,CHAUTAUQUA,129073.0
2018,CHEMUNG,85062.0
2018,CHENANGO,47850.0
2018,CLINTON,80291.0
2018,COLUMBIA,61869.0
2018,CORTLAND,47301.0
2018,DELAWARE,45016.0
2018,DUTCHESS,296224.0
2018,ERIE,947087.0
2018,ESSEX,37766.0
2018,FRANKLIN,48335.0
2018,FULTON,53755.0
2018,GENESEE,58719.0
2018,GREENE,48182.0
2018,HAMILTON,5048.0
2018,HERKIMER,60987.0
2018,JEFFERSON,116621.0
2018,KINGS,2688146.0
2018,LEWIS,26679.0
2018,LIVINGSTON,62529.0
2018,MADISON,69064.0
2018,MONROE,756396.0
2018,MONTGOMERY,49666.0
2018,NASSAU,1384337.0
2018,NEW YORK,1671996.0
2018,NIAGARA,213418.0
2018,ONEIDA,232669.0
2018,ONONDAGA,474600.0
2018,ONTARIO,111534.0
2018,ORANGE,395438.0
2018,ORLEANS,40836.0
2018,OSWEGO,118425.0
2018,OTSEGO,59250.0
2018,PUTNAM,98069.0
2018,QUEENS,2369450.0
2018,RENSSELAER,160785.0
2018,RICHMOND,490218.0
2018,ROCKLAND,332821.0
2018,SARATOGA,232235.0
2018,SCHENECTADY,157386.0
2018,SCHOHARIE,30297.0
2018,SCHUYLER,17983.0
2018,SENECA,34093.0
2018,ST. LAWRENCE,109180.0
2018,STEUBEN,94639.0
2018,SUFFOLK,1519346.0
2018,SULLIVAN,78405.0
2018,TIOGA,48974.0
2018,TOMPKINS,104888.0
2018,ULSTER,181973.0
2018,WARREN,65731.0
2018,WASHINGTON,61678.0
2018,WAYNE,91772.0
2018,WESTCHESTER,993132.0
2018,WYOMING,40848.0
2018,YATES,24885.0
2019,ALBANY,313763.0
2019,ALLEGANY,46696.0
2019,BRONX,1463654.0
2019,BROOME,198870.0
2019,CATTARAUGUS,77360.0
2019,CAYUGA,76614.0
2019,CHAUTAUQUA,128362.0
2019,CHEMUNG,84602.0
2019,CHENANGO,47532.0
2019,CLINTON,80064.0
2019,COLUMBIA,61717.0
2019,CORTLAND,47053.0
2019,DELAWARE,44659.0
2019,DUTCHESS,296066.0
2019,ERIE,950653.0
2019,ESSEX,37570.0
2019,FRANKLIN,47942.0
2019,FULTON,53537.0
2019,GENESEE,58551.0
2019,GREENE,48054.0
2019,HAMILTON,5075.0
2019,HERKIMER,60559.0
2019,JEFFERSON,116670.0
2019,KINGS,2712002.0
2019,LEWIS,26628.0
2019,LIVINGSTON,62180.0
2019,MADISON,68536.0
2019,MONROE,757916.0
2019,MONTGOMERY,49597.0
2019,NASSAU,1390042.0
2019,NEW YORK,1683085.0
2019,NIAGARA,213040.0
2019,ONEIDA,232394.0
2019,ONONDAGA,475555.0
2019,ONTARIO,111993.0
2019,ORANGE,398361.0
2019,ORLEANS,40587.0
2019,OSWEGO,117972.0
2019,OTSEGO,58884.0
2019,PUTNAM,97866.0
2019,QUEENS,2387387.0
2019,RENSSELAER,160955.0
2019,RICHMOND,492972.0
2019,ROCKLAND,335562.0
2019,SARATOGA,233864.0
2019,SCHENECTADY,157721.0
2019,SCHOHARIE,30003.0
2019,SCHUYLER,17938.0
2019,SENECA,33951.0
2019,ST. LAWRENCE,108839.0
2019,STEUBEN,94109.0
2019,SUFFOLK,1522627.0
2019,SULLIVAN,78513.0
2019,TIOGA,48712.0
2019,TOMPKINS,105311.0
2019,ULSTER,181908.0
2019,WARREN,65734.0
2019,WASHINGTON,61488.0
2019,WAYNE,91525.0
2019,WESTCHESTER,998776.0
2019,WYOMING,40687.0
2019,YATES,24828.0
