County,Year,Total
Albany,2014,1930
Allegany,2014,67
Broome,2014,790
Cattaraugus,2014,407
Cayuga,2014,329
Chautauqua,2014,903
Chemung,2014,190
Chenango,2014,220
Clinton,2014,142
Columbia,2014,187
Cortland,2014,217
Delaware,2014,187
Dutchess,2014,943
Erie,2014,6141
Essex,2014,73
Franklin,2014,138
Fulton,2014,616
Genesee,2014,447
Greene,2014,71
Hamilton,2014,2
Herkimer,2014,208
Jefferson,2014,732
Lewis,2014,114
Livingston,2014,169
Madison,2014,269
Monroe,2014,4709
Montgomery,2014,197
Nassau,2014,2360
Niagra,2014,1710
Oneida,2014,1665
Onondaga,2014,3644
Ontario,2014,212
Orange,2014,1864
Orleans,2014,156
Oswego,2014,550
Otsego,2014,62
Putnam,2014,58
Rensselaer,2014,903
Rockland,2014,900
Saint Lawrence,2014,379
Saratoga,2014,653
Schenactady,2014,1403
Schoharie,2014,35
Schuyler,2014,47
Seneca,2014,178
Steuben,2014,277
Suffolk,2014,7207
Sullivan,2014,159
Tioga,2014,147
Tompkins,2014,145
Ulster,2014,741
Warren,2014,242
Washington,2014,278
Wayne,2014,477
Westchester,2014,2323
Wyoming,2014,108
Yates,2014,92
Albany,2015,1560
Allegany,2015,68
Broome,2015,756
Cattaraugus,2015,359
Cayuga,2015,307
Chautauqua,2015,939
Chemung,2015,115
Chenango,2015,264
Clinton,2015,152
Cortland,2015,196
Columbia,2015,206
Delaware,2015,163
Dutchess,2015,980
Erie,2015,5768
Essex,2015,60
Franklin,2015,176
Fulton,2015,677
Genesee,2015,384
Greene,2015,61
Hamilton,2015,3
Herkimer,2015,219
Jefferson,2015,756
Lewis,2015,97
Livingston,2015,163
Madison,2015,329
Monroe,2015,4804
Montgomery,2015,206
Nassau,2015,2314
Niagra,2015,1707
Oneida,2015,1705
Onondaga,2015,3749
Ontario,2015,211
Orange,2015,1921
Orleans,2015,158
Oswego,2015,514
Otsego,2015,55
Putnam,2015,74
Rensselaer,2015,992
Rockland,2015,808
Saint Lawrence,2015,439
Saratoga,2015,800
Schenactady,2015,1137
Schoharie,2015,42
Schuyler,2015,36
Seneca,2015,178
Steuben,2015,311
Suffolk,2015,7076
Sullivan,2015,155
Tioga,2015,156
Tompkins,2015,125
Ulster,2015,913
Warren,2015,233
Washington,2015,198
Wayne,2015,465
Westchester,2015,49
Wyoming,2015,91
Yates,2015,75